id	rate
1001	0.0
1003	0.0232558139535
1005	0.111111111111
1007	0.1
1009	0.0
1011	0.25
1013	0.0
1015	0.0
1017	0.0
1019	0.0
1021	0.0
1023	0.0
1025	0.0909090909091
1027	0.5
1029	0.0
1031	0.0588235294118
1033	0.0434782608696
1035	0.0
1037	0.0
1039	0.0666666666667
1041	0.0
1043	0.0
1045	0.0
1047	0.0833333333333
1049	0.0
1051	0.0
1053	0.0
1055	0.0285714285714
1057	0.0
1059	0.0
1061	0.0
1063	0.0
1065	0.25
1067	0.166666666667
1069	0.0
1071	0.0
1073	0.175438596491
1075	0.0
1077	0.105263157895
1079	0.0
1081	0.0
1083	0.0
1085	0.0
1087	0.142857142857
1089	0.125
1091	0.0909090909091
1093	0.0
1095	0.0
1097	0.114583333333
1099	0.222222222222
1101	0.109090909091
1103	0.025
1105	0.0
1107	0.125
1109	0.0
1111	0.0
1113	0.0555555555556
1115	0.0
1117	0.121951219512
1119	0.333333333333
1121	0.0357142857143
1123	0.0909090909091
1125	0.0363636363636
1127	0.2
1129	0.0
1131	0.166666666667
1133	0.0
2013	0.166666666667
2016	0.0
2020	0.0116279069767
2050	0.0
2060	0.0
2068	0.0
2070	0.1
2090	0.0
2100	0.333333333333
2105	0.142857142857
2110	0.0
2122	0.0263157894737
2130	0.0
2150	0.0769230769231
2164	0.142857142857
2170	0.0
2180	0.0
2185	0.0
2188	0.0
2195	0.0
2198	0.0
2220	0.0
2230	0.0
2240	0.0
2261	0.133333333333
2270	0.0769230769231
2275	0.25
2282	0.0
2290	0.0689655172414
4001	0.190476190476
4003	0.0757575757576
4005	0.0961538461538
4007	0.1875
4009	0.0909090909091
4011	0.285714285714
4012	0.0833333333333
4013	0.0854021847071
4015	0.0877192982456
4017	0.116666666667
4019	0.164516129032
4021	0.105769230769
4023	0.0
4025	0.0833333333333
4027	0.016393442623
5001	0.0
5003	0.222222222222
5005	0.1
5007	0.0172413793103
5009	0.0
5011	0.166666666667
5013	0.0
5015	0.0
5017	0.142857142857
5019	0.0
5021	0.0
5023	0.0
5025	0.0
5027	0.0
5029	0.0
5031	0.0606060606061
5033	0.0869565217391
5035	0.217391304348
5037	0.166666666667
5039	0.2
5041	0.0
5043	0.0
5045	0.027027027027
5047	0.0
5049	0.0
5051	0.0740740740741
5053	0.0
5055	0.0
5057	0.2
5059	0.0
5061	0.0
5063	0.0
5065	0.0
5067	0.333333333333
5069	0.166666666667
5071	0.0
5073	0.0
5075	0.230769230769
5077	0.333333333333
5079	0.0
5081	0.0
5083	0.0
5085	0.0
5087	0.0
5089	0.125
5091	0.0
5093	0.444444444444
5095	0.0
5097	0.0
5099	0.285714285714
5101	0.0
5103	0.181818181818
5105	0.0
5107	0.384615384615
5109	0.0
5111	0.0
5113	0.142857142857
5115	0.0
5117	0.0
5119	0.101694915254
5121	0.25
5123	0.1
5125	0.0
5127	0.0
5129	0.0
5131	0.027027027027
5133	0.222222222222
5135	0.4
5137	0.0
5139	0.0555555555556
5141	0.0
5143	0.0327868852459
5145	0.037037037037
5147	0.333333333333
5149	0.230769230769
6001	0.0730994152047
6003	0.75
6005	0.0
6007	0.03125
6009	0.0
6011	0.0625
6013	0.0221238938053
6015	0.0769230769231
6017	0.0363636363636
6019	0.0320284697509
6021	0.0
6023	0.0144927536232
6025	0.0357142857143
6027	0.0
6029	0.0128755364807
6031	0.0416666666667
6033	0.0434782608696
6035	0.0952380952381
6037	0.0431965442765
6039	0.0555555555556
6041	0.046875
6043	0.333333333333
6045	0.0754716981132
6047	0.0
6049	0.333333333333
6051	0.181818181818
6053	0.00869565217391
6055	0.0789473684211
6057	0.111111111111
6059	0.0143369175627
6061	0.0520833333333
6063	0.1
6065	0.0215827338129
6067	0.0593471810089
6069	0.0
6071	0.0379746835443
6073	0.0354391371341
6075	0.0363636363636
6077	0.0322580645161
6079	0.0
6081	0.0193548387097
6083	0.0192307692308
6085	0.0142857142857
6087	0.015625
6089	0.0441176470588
6091	0.2
6093	0.05
6095	0.046511627907
6097	0.06
6099	0.0314465408805
6101	0.0
6103	0.0588235294118
6105	0.0
6107	0.0197368421053
6109	0.0952380952381
6111	0.0304568527919
6113	0.0816326530612
6115	0.0857142857143
8001	0.0785714285714
8003	0.428571428571
8005	0.0144927536232
8007	0.25
8009	0.0769230769231
8011	0.142857142857
8013	0.038961038961
8014	0.0
8015	0.0
8017	0.2
8019	0.0
8021	0.0
8023	0.666666666667
8025	0.25
8027	0.0
8029	0.0
8031	0.108695652174
8033	0.0
8035	0.0
8037	0.15
8039	0.0588235294118
8041	0.0445544554455
8043	0.0666666666667
8045	0.08
8047	0.0
8049	0.111111111111
8051	0.166666666667
8053	0.0
8055	0.0
8057	0.5
8059	0.0392156862745
8061	0.0
8063	0.307692307692
8065	0.0
8067	0.0555555555556
8069	0.0240963855422
8071	0.25
8073	0.125
8075	0.0
8077	0.0425531914894
8079	0.5
8081	0.125
8083	0.0
8085	0.0
8087	0.0
8089	0.277777777778
8091	0.0
8093	0.0
8095	0.2
8097	0.0
8099	0.0714285714286
8101	0.0666666666667
8103	0.166666666667
8105	0.0909090909091
8107	0.0
8109	0.2
8111	0.0
8113	0.2
8115	0.0
8117	0.0
8119	0.0
8121	0.0
8123	0.0561797752809
8125	0.0
9001	0.0297872340426
9003	0.0735294117647
9005	0.0735294117647
9007	0.0
9009	0.0794979079498
9011	0.0760869565217
9013	0.0
9015	0.0
10001	0.0
10003	0.0291262135922
10005	0.075
11001	0.235576923077
12001	0.0566037735849
12003	0.125
12005	0.0
12007	0.2
12009	0.0666666666667
12011	0.0647482014388
12013	0.0
12015	0.047619047619
12017	0.0952380952381
12019	0.0
12021	0.0
12023	0.0714285714286
12027	0.0
12029	0.166666666667
12031	0.0248447204969
12033	0.0714285714286
12035	0.0666666666667
12037	0.333333333333
12039	0.0555555555556
12041	0.2
12043	0.0
12045	0.333333333333
12047	0.0
12049	0.111111111111
12051	0.0
12053	0.0
12055	0.0
12057	0.0634920634921
12059	0.0
12061	0.0384615384615
12063	0.0
12065	0.2
12067	0.0
12069	0.0
12071	0.0210526315789
12073	0.0227272727273
12075	0.0714285714286
12077	0.0
12079	0.0
12081	0.0333333333333
12083	0.0
12085	0.0357142857143
12086	0.0688888888889
12087	0.125
12089	0.0
12091	0.0526315789474
12093	0.0909090909091
12095	0.066985645933
12097	0.0
12099	0.0235849056604
12101	0.0210526315789
12103	0.032
12105	0.0229007633588
12107	0.1
12109	0.0
12111	0.0487804878049
12113	0.0
12115	0.0612244897959
12117	0.0161290322581
12119	0.0
12121	0.0
12123	0.0
12125	0.2
12127	0.0416666666667
12129	0.0
12131	0.0
12133	0.0
13001	0.142857142857
13003	0.0
13005	0.0
13007	0.0
13009	0.0
13011	0.0
13013	0.0
13015	0.0
13017	0.0
13019	0.0
13021	0.0238095238095
13023	0.2
13025	0.0
13027	0.0
13029	0.0
13031	0.0
13033	0.0
13035	0.0
13037	0.5
13039	0.0
13043	0.0
13045	0.0357142857143
13047	0.0
13049	0.25
13051	0.0961538461538
13053	0.0
13055	0.111111111111
13057	0.027027027027
13059	0.0454545454545
13061	0.0
13063	0.0327868852459
13065	0.25
13067	0.0472440944882
13069	0.0833333333333
13071	0.0
13073	0.0333333333333
13075	0.0
13077	0.0
13079	0.0
13081	0.333333333333
13083	0.0
13085	0.0
13087	0.0
13089	0.0671140939597
13091	0.0
13093	0.0
13095	0.115384615385
13097	0.0
13099	0.0
13101	0.0
13103	0.0714285714286
13105	0.625
13107	0.142857142857
13109	0.0
13111	0.166666666667
13113	0.142857142857
13115	0.0333333333333
13117	0.0
13119	0.0
13121	0.115183246073
13123	0.285714285714
13125	0.0
13127	0.0625
13129	0.0666666666667
13131	0.0
13133	0.166666666667
13135	0.0162601626016
13137	0.0
13139	0.0243902439024
13141	0.0
13143	0.0
13145	0.0
13147	0.0
13149	0.0
13151	0.0192307692308
13153	0.0540540540541
13155	0.0
13157	0.047619047619
13159	0.0
13161	0.0
13163	0.0
13165	0.0
13167	0.0
13169	0.25
13171	0.0
13173	0.0
13175	0.142857142857
13177	0.0
13179	0.0769230769231
13181	0.0
13183	0.5
13185	0.05
13187	0.0
13189	0.0
13191	0.0
13193	0.0
13195	0.0
13197	0.0
13199	0.222222222222
13201	0.0
13205	0.0
13207	0.333333333333
13209	0.0
13211	0.0
13213	0.0
13215	0.0862068965517
13217	0.08
13219	0.0
13221	0.0
13223	0.0606060606061
13225	0.0
13227	0.0
13229	0.0
13231	0.0
13233	0.0
13235	0.0
13237	0.0
13239	0.0
13241	0.4
13243	0.0
13245	0.0350877192982
13247	0.0
13249	0.0
13251	0.0
13253	0.0
13255	0.0
13257	0.0
13259	0.0
13261	0.111111111111
13263	0.0
13265	0.0
13267	0.0
13269	0.0
13271	0.0
13273	0.0
13275	0.0
13277	0.0
13279	0.0
13281	0.0
13283	0.0
13285	0.136363636364
13287	0.0
13289	0.0
13291	0.0
13293	0.0
13295	0.0
13297	0.0
13299	0.1
13301	0.0
13303	0.0
13305	0.0
13307	0.0
13309	0.0
13311	0.0
13313	0.0322580645161
13315	0.0
13317	0.0
13319	0.0
13321	0.0
15001	0.0
15003	0.00564971751412
15007	0.0
15009	0.030303030303
16001	0.0181818181818
16003	0.0
16005	0.0666666666667
16007	0.0
16009	0.0
16011	0.0
16013	0.0
16015	0.0
16017	0.0
16019	0.0512820512821
16021	0.166666666667
16023	0.0
16025	0.0
16027	0.0483870967742
16029	0.0
16031	0.0
16033	0.0
16035	0.166666666667
16037	0.166666666667
16039	0.0
16041	0.0
16043	0.0
16045	0.142857142857
16047	0.0
16049	0.1
16051	0.230769230769
16053	0.142857142857
16055	0.025
16057	0.0
16059	0.166666666667
16061	0.0
16063	0.0
16065	0.0
16067	0.0
16069	0.0666666666667
16071	0.0
16073	0.0
16075	0.0909090909091
16077	0.0
16079	0.111111111111
16081	0.166666666667
16083	0.133333333333
16085	0.0
16087	0.0
17001	0.0416666666667
17003	0.142857142857
17005	0.0
17007	0.0588235294118
17009	0.0
17011	0.153846153846
17013	0.0
17015	0.181818181818
17017	0.0909090909091
17019	0.0350877192982
17021	0.05
17023	0.2
17025	0.0
17027	0.142857142857
17029	0.0
17031	0.0698039215686
17033	0.0
17035	0.142857142857
17037	0.0487804878049
17039	0.1
17041	0.166666666667
17043	0.0128205128205
17045	0.0
17047	0.0
17049	0.176470588235
17051	0.0
17053	0.0909090909091
17055	0.05
17057	0.08
17059	0.0
17061	0.25
17063	0.0454545454545
17065	0.0
17067	0.0
17069	0.0
17071	0.0
17073	0.0
17075	0.0416666666667
17077	0.05
17079	0.333333333333
17081	0.0454545454545
17083	0.375
17085	0.0588235294118
17087	0.0
17089	0.0
17091	0.0731707317073
17093	0.0
17095	0.25
17097	0.0416666666667
17099	0.0212765957447
17101	0.142857142857
17103	0.0666666666667
17105	0.0
17107	0.0
17109	0.0769230769231
17111	0.0357142857143
17113	0.0
17115	0.0243902439024
17117	0.233333333333
17119	0.0875
17121	0.04
17123	0.0
17125	0.0
17127	0.0
17129	0.222222222222
17131	0.0
17133	0.0
17135	0.111111111111
17137	0.047619047619
17139	0.142857142857
17141	0.0384615384615
17143	0.121621621622
17145	0.0
17147	0.125
17149	0.0833333333333
17151	0.0
17153	0.0
17155	0.0
17157	0.133333333333
17159	0.333333333333
17161	0.132075471698
17163	0.131313131313
17165	0.0
17167	0.0571428571429
17169	0.0
17171	0.0
17173	0.1875
17175	0.0
17177	0.047619047619
17179	0.0
17181	0.0
17183	0.0263157894737
17185	0.0
17187	0.2
17189	0.0
17191	0.142857142857
17193	0.0
17195	0.103448275862
17197	0.0326086956522
17199	0.0
17201	0.0786516853933
17203	0.0
18001	0.0909090909091
18003	0.129032258065
18005	0.157894736842
18007	0.0
18009	0.0
18011	0.0
18013	0.166666666667
18015	0.0
18017	0.0
18019	0.0344827586207
18021	0.0
18023	0.0833333333333
18025	0.0
18027	0.0
18029	0.0
18031	0.0
18033	0.0
18035	0.111111111111
18037	0.0
18039	0.0181818181818
18041	0.2
18043	0.210526315789
18045	0.0
18047	0.0
18049	0.0
18051	0.0
18053	0.206896551724
18055	0.0
18057	0.015873015873
18059	0.0454545454545
18061	0.0
18063	0.0
18065	0.1
18067	0.214285714286
18069	0.0
18071	0.0666666666667
18073	0.0
18075	0.0
18077	0.307692307692
18079	0.2
18081	0.0263157894737
18083	0.153846153846
18085	0.0
18087	0.0714285714286
18089	0.0681818181818
18091	0.138888888889
18093	0.0
18095	0.285714285714
18097	0.0813397129187
18099	0.0
18101	0.0
18103	0.0833333333333
18105	0.0
18107	0.0625
18109	0.0
18111	0.0
18113	0.0666666666667
18115	0.0
18117	0.0
18119	0.0
18121	0.571428571429
18123	0.166666666667
18125	0.0
18127	0.0
18129	0.181818181818
18131	0.142857142857
18133	0.0625
18135	0.0714285714286
18137	0.0
18139	0.285714285714
18141	0.0144927536232
18143	0.0
18145	0.0
18147	0.0
18149	0.0
18151	0.0
18153	0.333333333333
18155	0.0
18157	0.0294117647059
18159	0.0
18161	0.0
18163	0.108108108108
18165	0.0
18167	0.037037037037
18169	0.153846153846
18171	0.0
18173	0.0
18175	0.111111111111
18177	0.2
18179	0.0
18181	0.333333333333
18183	0.0833333333333
19001	0.166666666667
19003	0.25
19005	0.0
19007	0.153846153846
19009	0.5
19011	0.133333333333
19013	0.0555555555556
19015	0.0666666666667
19017	0.157894736842
19019	0.0526315789474
19021	0.0714285714286
19023	0.0
19025	0.428571428571
19027	0.0909090909091
19029	0.0
19031	0.0
19033	0.25
19035	0.0909090909091
19037	0.0
19039	0.0
19041	0.555555555556
19043	0.0
19045	0.157894736842
19047	0.0833333333333
19049	0.0689655172414
19051	0.0
19053	0.0
19055	0.0
19057	0.0
19059	0.2
19061	0.0357142857143
19063	0.166666666667
19065	0.263157894737
19067	0.0
19069	0.111111111111
19071	0.142857142857
19073	0.375
19075	0.0
19077	0.0909090909091
19079	0.0
19081	0.333333333333
19083	0.0
19085	0.0
19087	0.0
19089	0.25
19091	0.25
19093	0.333333333333
19095	0.1
19097	0.428571428571
19099	0.315789473684
19101	0.111111111111
19103	0.030303030303
19105	0.181818181818
19107	0.222222222222
19109	0.333333333333
19111	0.272727272727
19113	0.0533333333333
19115	0.0
19117	0.0
19119	0.0
19121	0.272727272727
19123	0.1
19125	0.166666666667
19127	0.0588235294118
19129	0.111111111111
19131	0.142857142857
19133	0.222222222222
19135	0.0
19137	0.1
19139	0.0555555555556
19141	0.111111111111
19143	0.0
19145	0.0
19147	0.1
19149	0.0588235294118
19151	0.0
19153	0.034188034188
19155	0.157894736842
19157	0.0
19159	0.0
19161	0.125
19163	0.037037037037
19165	0.142857142857
19167	0.0
19169	0.111111111111
19171	0.0
19173	0.2
19175	0.142857142857
19177	0.333333333333
19179	0.357142857143
19181	0.0
19183	0.0
19185	0.375
19187	0.4375
19189	0.0
19191	0.0769230769231
19193	0.142857142857
19195	0.0
19197	0.111111111111
20001	0.1
20003	0.25
20005	0.285714285714
20007	0.0
20009	0.125
20011	0.142857142857
20013	0.0
20015	0.108695652174
20017	1.0
20019	0.0
20021	0.157894736842
20023	0.0
20025	0.0
20027	0.0
20029	0.111111111111
20031	0.181818181818
20033	0.0
20035	0.0
20037	0.0625
20039	0.0
20041	0.0526315789474
20043	0.5
20045	0.181818181818
20047	0.0
20049	0.5
20051	0.25
20053	0.5
20055	0.047619047619
20057	0.0
20059	0.0625
20061	0.117647058824
20063	0.0
20065	0.0
20067	0.2
20069	0.0
20071	0.0
20073	0.142857142857
20075	0.0
20077	0.0
20079	0.444444444444
20081	0.0
20083	0.333333333333
20085	0.0
20087	0.133333333333
20089	0.333333333333
20091	0.0700636942675
20093	0.0
20095	0.428571428571
20097	0.625
20099	0.277777777778
20101	0.0
20103	0.3
20105	0.333333333333
20107	0.0
20109	0.0
20111	0.210526315789
20113	0.142857142857
20115	0.25
20117	0.222222222222
20119	0.0
20121	0.133333333333
20123	0.0
20125	0.153846153846
20127	0.166666666667
20129	0.166666666667
20131	0.846153846154
20133	0.181818181818
20135	0.0
20137	0.166666666667
20139	0.0
20141	0.0
20143	0.0
20145	0.444444444444
20147	0.0
20149	0.0769230769231
20151	0.285714285714
20153	0.0
20155	0.228571428571
20157	0.166666666667
20159	0.266666666667
20161	0.0
20163	0.142857142857
20165	0.0
20167	0.333333333333
20169	0.0
20171	0.0
20173	0.0833333333333
20175	0.0
20177	0.126984126984
20179	0.0
20181	0.6
20183	0.0
20185	0.0
20187	0.333333333333
20189	0.0
20191	0.047619047619
20193	0.125
20195	0.0
20197	0.0
20199	0.0
20201	0.0
20203	0.0
20205	0.0
20207	0.0
20209	0.0338983050847
21001	0.4
21003	0.0
21005	0.0
21007	0.0
21009	0.0
21011	0.0
21013	0.153846153846
21015	0.0
21017	0.0
21019	0.0526315789474
21021	0.0
21023	0.0
21025	0.166666666667
21027	0.0
21029	0.0
21031	0.0
21033	0.0
21035	0.0
21037	0.0434782608696
21039	0.0
21041	0.0
21043	0.2
21045	0.0
21047	0.0
21049	0.833333333333
21051	0.0
21053	0.0
21055	0.0
21057	0.0
21059	0.0769230769231
21061	0.0
21063	0.0
21065	0.0
21067	0.0
21069	0.0
21071	0.0666666666667
21073	0.0
21075	0.0
21077	0.0
21079	0.0
21081	0.0
21083	0.0769230769231
21085	0.0
21087	0.0
21089	0.0
21091	0.0
21093	0.0
21095	0.0
21097	0.0
21099	0.0
21101	0.0
21103	0.125
21105	0.0
21107	0.0
21109	0.0
21111	0.020979020979
21113	0.0
21115	0.0
21117	0.0
21119	0.0
21121	0.0833333333333
21123	0.0
21125	0.0
21127	0.142857142857
21129	0.0
21131	0.166666666667
21133	0.1
21135	0.0
21137	0.0
21139	0.0
21141	0.0
21143	0.0
21145	0.222222222222
21147	0.0
21149	0.0
21151	0.0454545454545
21153	0.0
21155	0.0
21157	0.0
21159	0.285714285714
21161	0.0
21163	0.3
21165	0.0
21167	0.571428571429
21169	0.666666666667
21171	0.0
21173	0.0
21175	0.0
21177	0.0
21179	0.0
21181	0.0
21183	0.0
21185	0.0555555555556
21187	0.25
21189	0.0
21191	0.0
21193	0.2
21195	0.208333333333
21197	0.0
21199	0.0
21201	0.5
21203	0.0
21205	0.142857142857
21207	0.166666666667
21209	0.0
21211	0.0
21213	0.0
21215	0.0
21217	0.0
21219	0.0
21221	0.0
21223	0.0
21225	0.0
21227	0.0
21229	0.0
21231	0.555555555556
21233	0.166666666667
21235	0.0
21237	0.0
21239	0.142857142857
22001	0.0
22003	0.0
22005	0.037037037037
22007	0.0
22009	0.0
22011	0.0
22013	0.0
22015	0.0322580645161
22017	0.123076923077
22019	0.0508474576271
22021	0.166666666667
22023	0.0
22025	0.333333333333
22027	0.142857142857
22029	0.1
22031	0.181818181818
22033	0.0869565217391
22035	0.4
22037	0.285714285714
22039	0.0
22041	0.142857142857
22043	0.0
22045	0.115384615385
22047	0.0
22049	0.0
22051	0.0779220779221
22053	0.0
22055	0.025641025641
22057	0.0
22059	0.0
22061	0.0625
22063	0.0
22065	0.0
22067	0.333333333333
22069	0.0
22071	0.558823529412
22073	0.0
22075	0.0
22077	0.0
22079	0.0425531914894
22081	0.0
22083	0.0
22085	0.0
22087	0.142857142857
22089	0.210526315789
22091	0.0
22093	0.2
22095	0.0
22097	0.0294117647059
22099	0.0
22101	0.0
22103	0.0
22105	0.0588235294118
22107	0.0
22109	0.111111111111
22111	0.5
22113	0.0
22115	0.0
22117	0.3
22119	0.117647058824
22121	0.0
22123	0.166666666667
22125	0.2
22127	0.125
23001	0.0789473684211
23003	0.127659574468
23005	0.0957446808511
23007	0.0
23009	0.0571428571429
23011	0.0196078431373
23013	0.125
23015	0.0526315789474
23017	0.0322580645161
23019	0.128205128205
23021	0.545454545455
23023	0.0
23025	0.121212121212
23027	0.0740740740741
23029	0.0
23031	0.15625
24001	0.0
24003	0.0
24005	0.00653594771242
24009	0.0434782608696
24011	0.0
24013	0.0
24015	0.0357142857143
24017	0.0
24019	0.0
24021	0.0
24023	0.2
24025	0.0
24027	0.0142857142857
24029	0.25
24031	0.0
24033	0.00549450549451
24035	0.0
24037	0.0
24039	0.0
24041	0.0
24043	0.0238095238095
24045	0.0
24047	0.0
24510	0.106741573034
25001	0.11320754717
25003	0.0
25005	0.0935251798561
25007	0.0
25009	0.0288461538462
25011	0.0540540540541
25013	0.0571428571429
25015	0.0769230769231
25017	0.0336134453782
25019	0.0
25021	0.0054347826087
25023	0.0373134328358
25025	0.116129032258
25027	0.0543933054393
26001	0.333333333333
26003	0.0
26005	0.0425531914894
26007	0.230769230769
26009	0.0
26011	0.0
26013	0.142857142857
26015	0.0555555555556
26017	0.0967741935484
26019	0.0
26021	0.166666666667
26023	0.166666666667
26025	0.150943396226
26027	0.15
26029	0.235294117647
26031	0.363636363636
26033	0.263157894737
26035	0.0909090909091
26037	0.148148148148
26039	0.25
26041	0.142857142857
26043	0.166666666667
26045	0.243902439024
26047	0.0
26049	0.148148148148
26051	0.142857142857
26053	0.0
26055	0.111111111111
26057	0.0869565217391
26059	0.192307692308
26061	0.0526315789474
26063	0.185185185185
26065	0.204301075269
26067	0.142857142857
26069	0.5
26071	0.2
26073	0.0526315789474
26075	0.0925925925926
26077	0.0641025641026
26079	0.0
26081	0.151960784314
26083	0.0
26085	0.25
26087	0.225806451613
26089	0.166666666667
26091	0.151515151515
26093	0.0952380952381
26095	0.333333333333
26097	0.416666666667
26099	0.123348017621
26101	0.142857142857
26103	0.2
26105	0.0833333333333
26107	0.210526315789
26109	0.1875
26111	0.233333333333
26113	0.142857142857
26115	0.122448979592
26117	0.222222222222
26119	0.0
26121	0.171875
26123	0.125
26125	0.11858974359
26127	0.4
26129	0.333333333333
26131	0.5
26133	0.153846153846
26135	0.0
26137	0.0
26139	0.0864197530864
26141	0.0
26143	0.222222222222
26145	0.226666666667
26147	0.078431372549
26149	0.0967741935484
26151	0.25
26153	0.0
26155	0.235294117647
26157	0.12
26159	0.0810810810811
26161	0.168539325843
26163	0.228915662651
26165	0.1875
27001	0.125
27003	0.108108108108
27005	0.0
27007	0.0
27009	0.0
27011	0.166666666667
27013	0.0
27015	0.0
27017	0.0
27019	0.0357142857143
27021	0.0769230769231
27023	0.0
27025	0.0
27027	0.0
27029	0.0
27031	0.0
27033	0.0
27035	0.0666666666667
27037	0.0531914893617
27039	0.0
27041	0.294117647059
27043	0.0
27045	0.0714285714286
27047	0.0
27049	0.0
27051	0.0
27053	0.0888888888889
27055	0.0769230769231
27057	0.0
27059	0.0
27061	0.0
27063	0.0
27065	0.0
27067	0.0
27069	0.0
27071	0.0
27073	0.0
27075	0.0
27077	0.0
27079	0.5
27081	0.166666666667
27083	0.0769230769231
27085	0.0
27087	0.0
27089	0.0
27091	0.0833333333333
27093	0.1
27095	0.0
27097	0.0
27099	0.0
27101	0.0
27103	0.0
27105	0.272727272727
27107	0.142857142857
27109	0.0263157894737
27111	0.0
27113	0.0
27115	0.166666666667
27117	0.0
27119	0.0
27121	0.166666666667
27123	0.124087591241
27125	0.6
27127	0.153846153846
27129	0.111111111111
27131	0.0
27133	0.0
27135	0.1
27137	0.239436619718
27139	0.0285714285714
27141	0.0
27143	0.0
27145	0.05
27147	0.0769230769231
27149	0.333333333333
27151	0.0
27153	0.166666666667
27155	0.0
27157	0.0
27159	0.0
27161	0.111111111111
27163	0.0454545454545
27165	0.142857142857
27167	0.125
27169	0.0555555555556
27171	0.0
27173	0.0
28001	0.166666666667
28003	0.2
28005	0.666666666667
28007	0.0
28009	0.0
28011	0.52380952381
28013	0.0
28015	0.333333333333
28017	0.0
28019	0.2
28021	0.0
28023	0.0
28025	0.0
28027	0.0
28029	0.0
28031	0.0
28033	0.0
28035	0.047619047619
28037	0.0
28039	0.0
28041	0.0
28043	0.0
28045	0.181818181818
28047	0.08
28049	0.0405405405405
28051	0.6
28053	0.0
28057	0.0
28059	0.113636363636
28061	0.0
28063	0.0
28065	0.0
28067	0.117647058824
28069	0.0
28071	0.0
28073	0.0
28075	0.0
28077	0.0
28079	0.285714285714
28081	0.0322580645161
28083	0.0
28085	0.0
28087	0.166666666667
28089	0.04
28091	0.1
28093	0.0
28095	0.357142857143
28097	0.0
28099	0.0
28101	0.0
28103	0.0
28105	0.0909090909091
28107	0.0
28109	0.0
28111	0.0
28113	0.0
28115	0.166666666667
28117	0.0
28119	0.0
28121	0.0
28123	0.1
28125	0.0
28127	0.0
28129	0.0
28131	0.0
28133	0.933333333333
28135	0.0
28137	0.111111111111
28139	0.0
28141	0.0
28143	0.0
28145	0.0
28147	0.166666666667
28149	0.0
28151	0.173913043478
28153	0.0
28155	0.0
28157	0.0
28159	0.0
28161	0.0
28163	0.0
29001	0.0
29003	0.0
29005	0.0
29007	0.0
29009	0.0
29011	0.0
29013	0.0
29015	0.0
29017	0.0
29019	0.0217391304348
29021	0.0689655172414
29023	0.0
29025	0.0
29027	0.0
29029	0.0
29031	0.0
29033	0.0
29035	0.0
29037	0.047619047619
29039	0.0
29041	0.0
29043	0.0967741935484
29045	0.166666666667
29047	0.031746031746
29049	0.0
29051	0.0454545454545
29053	0.0714285714286
29055	0.0
29057	0.0
29059	0.0
29061	0.0
29063	0.0
29065	0.0
29067	0.0
29069	0.0
29071	0.0
29073	0.0
29075	0.0
29077	0.0493827160494
29079	0.0
29081	0.0
29083	0.0
29085	0.0
29087	0.0
29089	0.0
29091	0.0
29093	0.0
29095	0.165178571429
29097	0.0652173913043
29099	0.05
29101	0.125
29103	0.0
29105	0.0
29107	0.0
29109	0.0
29111	0.0
29113	0.0555555555556
29115	0.0
29117	0.0
29119	0.0
29121	0.0
29123	0.0
29125	0.0
29127	0.0
29129	0.0
29131	0.0
29133	0.0
29135	0.0
29137	0.0
29139	0.142857142857
29141	0.142857142857
29143	0.0833333333333
29145	0.0
29147	0.0
29149	0.0
29151	0.0
29153	0.0
29155	0.0
29157	0.0
29159	0.0
29161	0.0
29163	0.0
29165	0.0
29167	0.0
29169	0.05
29171	0.0
29173	0.0
29175	0.0
29177	0.153846153846
29179	0.0
29181	0.0
29183	0.0
29185	0.0
29186	0.0
29187	0.0
29189	0.0515873015873
29195	0.0
29197	0.333333333333
29199	0.0
29201	0.047619047619
29203	0.0
29205	0.0
29207	0.0
29209	0.0666666666667
29211	0.0
29213	0.105263157895
29215	0.0
29217	0.0
29219	0.0
29221	0.0
29223	0.0
29225	0.0
29227	0.0
29229	0.0
29510	0.136363636364
30001	0.0833333333333
30003	0.0
30005	0.0
30007	0.0
30009	0.05
30011	0.0
30013	0.025
30015	0.0666666666667
30017	0.0
30019	0.0
30021	0.0
30023	0.0
30025	0.0
30027	0.0
30029	0.0612244897959
30031	0.0227272727273
30033	0.111111111111
30035	0.0
30037	0.0
30039	0.0
30041	0.0
30043	0.0
30045	0.0
30047	0.0
30049	0.0
30051	0.142857142857
30053	0.0
30055	0.0
30057	0.0
30059	0.25
30061	0.0
30063	0.0
30065	0.0
30067	0.0
30069	0.0
30071	0.0833333333333
30073	0.0
30075	0.0
30077	0.0
30079	0.0
30081	0.0434782608696
30083	0.0
30085	0.0
30087	0.0
30089	0.0588235294118
30091	0.0
30093	0.0
30095	0.0
30097	0.0
30099	0.0
30101	0.0
30103	0.0
30105	0.0
30107	0.142857142857
30109	0.0
30111	0.0
31001	0.136363636364
31003	0.25
31005	0.333333333333
31007	0.0
31009	0.0
31011	0.25
31013	0.0
31015	0.0
31017	0.0
31019	0.137931034483
31021	0.0
31023	0.25
31025	0.0
31027	0.230769230769
31029	0.166666666667
31031	0.333333333333
31033	0.0
31035	0.142857142857
31037	0.0714285714286
31039	0.125
31041	0.111111111111
31043	0.285714285714
31045	0.333333333333
31047	0.0555555555556
31049	0.0
31051	0.25
31053	0.142857142857
31055	0.0416666666667
31057	0.333333333333
31059	0.0
31061	0.0
31063	0.0
31065	0.125
31067	0.0
31069	0.333333333333
31071	0.25
31073	0.0
31075	0.333333333333
31077	1.0
31079	0.0666666666667
31081	0.0
31083	0.0
31085	0.0
31087	0.0
31089	0.25
31091	0.0
31093	0.0
31095	0.0
31097	0.142857142857
31099	0.1
31101	0.571428571429
31103	0.0
31105	0.25
31107	0.0
31109	0.0243902439024
31111	0.0416666666667
31113	0.333333333333
31115	0.0
31117	0.0
31119	0.0909090909091
31121	0.0
31123	0.0
31125	0.0
31127	0.0
31129	0.5
31131	0.125
31133	0.0
31135	0.0
31137	0.0
31139	0.0
31141	0.0666666666667
31143	0.0
31145	0.0
31147	0.0
31149	0.2
31151	0.0
31153	0.0
31155	0.117647058824
31157	0.0
31159	0.125
31161	0.166666666667
31163	0.0
31165	0.2
31167	0.0
31169	0.0
31171	0.0
31173	0.0
31175	0.285714285714
31177	0.0
31179	0.125
31181	0.142857142857
31183	0.0
31185	0.0
32001	0.142857142857
32003	0.00298507462687
32005	0.0833333333333
32007	0.0
32009	0.0
32011	0.0
32013	0.0
32015	0.0
32017	0.0
32019	0.0588235294118
32021	0.0
32023	0.0833333333333
32027	0.0
32029	0.0
32031	0.047619047619
32033	0.0
32510	0.0833333333333
33001	0.0
33003	0.0
33005	0.0526315789474
33007	0.0416666666667
33009	0.0196078431373
33011	0.0540540540541
33013	0.0508474576271
33015	0.0108695652174
33017	0.0810810810811
33019	0.0
34001	0.0789473684211
34003	0.0191570881226
34005	0.0384615384615
34007	0.0552147239264
34009	0.0344827586207
34011	0.0
34013	0.101321585903
34015	0.0121951219512
34017	0.0593220338983
34019	0.0652173913043
34021	0.0869565217391
34023	0.0
34025	0.0115606936416
34027	0.0136054421769
34029	0.0190476190476
34031	0.0606060606061
34033	0.0357142857143
34035	0.0526315789474
34037	0.0425531914894
34039	0.0188679245283
34041	0.0
35001	0.0119760479042
35003	0.0
35005	0.0
35006	0.0
35007	0.0555555555556
35009	0.0
35011	0.0
35013	0.0166666666667
35015	0.037037037037
35017	0.0
35019	0.0
35021	0.0
35023	0.0
35025	0.0
35027	0.0
35028	0.0
35029	0.0
35031	0.0
35033	0.0
35035	0.0384615384615
35037	0.0
35039	0.107142857143
35041	0.142857142857
35043	0.0
35045	0.0232558139535
35047	0.0
35049	0.102564102564
35051	0.0
35053	0.0833333333333
35055	0.0
35057	0.0769230769231
35059	0.0
35061	0.04
36001	0.175675675676
36003	0.1
36005	0.0493150684932
36007	0.0392156862745
36009	0.147058823529
36011	0.0869565217391
36013	0.0566037735849
36015	0.0416666666667
36017	0.0869565217391
36019	0.0714285714286
36021	0.235294117647
36023	0.0
36025	0.047619047619
36027	0.0641025641026
36029	0.0776255707763
36031	0.0
36033	0.05
36035	0.0
36037	0.0952380952381
36039	0.0588235294118
36041	0.166666666667
36043	0.0769230769231
36045	0.0
36047	0.0448979591837
36049	0.0666666666667
36051	0.12
36053	0.037037037037
36055	0.0879120879121
36057	0.0
36059	0.0189873417722
36061	0.0532915360502
36063	0.137931034483
36065	0.0281690140845
36067	0.0564516129032
36069	0.0333333333333
36071	0.113636363636
36073	0.0769230769231
36075	0.0975609756098
36077	0.125
36079	0.0909090909091
36081	0.0196721311475
36083	0.130434782609
36085	0.0
36087	0.0461538461538
36089	0.0975609756098
36091	0.0384615384615
36093	0.0869565217391
36095	0.0833333333333
36097	0.142857142857
36099	0.153846153846
36101	0.19512195122
36103	0.0316091954023
36105	0.1
36107	0.047619047619
36109	0.0333333333333
36111	0.18
36113	0.047619047619
36115	0.0
36117	0.0526315789474
36119	0.0200803212851
36121	0.0714285714286
36123	0.0
37001	0.0
37003	0.0
37005	0.0
37007	0.0
37009	0.0
37011	0.0833333333333
37013	0.0
37015	0.111111111111
37017	0.0714285714286
37019	0.0
37021	0.0555555555556
37023	0.0606060606061
37025	0.0238095238095
37027	0.0
37029	0.0
37031	0.0555555555556
37033	0.0
37035	0.0227272727273
37037	0.0
37039	0.0
37041	0.0
37043	0.0
37045	0.0
37047	0.04
37049	0.0
37051	0.0449438202247
37053	0.0
37055	0.0
37057	0.0
37059	0.0
37061	0.0
37063	0.0327868852459
37065	0.222222222222
37067	0.0813953488372
37069	0.0
37071	0.0178571428571
37073	0.0
37075	0.0
37077	0.0454545454545
37079	0.0
37081	0.0
37083	0.0526315789474
37085	0.0
37087	0.0
37089	0.0
37091	0.0
37093	0.0
37095	0.4
37097	0.0
37099	0.0
37101	0.0
37103	0.0
37105	0.0
37107	0.0526315789474
37109	0.0
37111	0.0
37113	0.166666666667
37115	0.0
37117	0.166666666667
37119	0.0879120879121
37121	0.25
37123	0.0
37125	0.0434782608696
37127	0.0
37129	0.0232558139535
37131	0.222222222222
37133	0.0
37135	0.0
37137	0.0
37139	0.0
37141	0.0
37143	0.0
37145	0.0
37147	0.027027027027
37149	0.0
37151	0.0
37153	0.2
37155	0.0
37157	0.037037037037
37159	0.0
37161	0.0
37163	0.0
37165	0.421052631579
37167	0.12
37169	0.0
37171	0.0
37173	0.0
37175	0.0
37177	0.0
37179	0.0
37181	0.0588235294118
37183	0.0
37185	0.0
37187	0.0
37189	0.0
37191	0.0
37193	0.04
37195	0.0
37197	0.0
37199	0.1
38001	0.0
38003	0.2
38005	0.0
38007	0.0
38009	0.0
38011	0.0
38013	0.0
38015	0.0666666666667
38017	0.122448979592
38019	0.2
38021	0.0
38023	0.0
38025	0.0
38027	0.0
38029	0.0
38031	0.0
38033	0.0
38035	0.0666666666667
38037	0.0
38039	0.0
38041	0.0
38043	0.0
38045	0.0
38047	0.0
38049	0.0
38051	0.0
38053	0.0
38055	0.0
38057	0.166666666667
38059	0.05
38061	0.0
38063	0.0
38065	0.0
38067	0.0
38069	0.0
38071	0.0
38073	0.0
38075	0.0
38077	0.0
38079	0.0
38081	0.0
38083	0.0
38085	0.0
38087	0.0
38089	0.0
38091	0.0
38093	0.117647058824
38095	0.5
38097	0.0
38099	0.25
38101	0.0882352941176
38103	0.2
38105	0.0
39001	0.0
39003	0.105263157895
39005	0.0833333333333
39007	0.142857142857
39009	0.1
39011	0.166666666667
39013	0.0
39015	0.0
39017	0.0609756097561
39019	0.0909090909091
39021	0.157894736842
39023	0.0444444444444
39025	0.0212765957447
39027	0.0
39029	0.025641025641
39031	0.142857142857
39033	0.0
39035	0.138888888889
39037	0.0434782608696
39039	0.0666666666667
39041	0.0816326530612
39043	0.111111111111
39045	0.0833333333333
39047	0.0
39049	0.101156069364
39051	0.0
39053	0.0
39055	0.107142857143
39057	0.0571428571429
39059	0.0
39061	0.107843137255
39063	0.0833333333333
39065	0.294117647059
39067	0.571428571429
39069	0.0714285714286
39071	0.0
39073	0.0
39075	0.0
39077	0.185185185185
39079	0.0
39081	0.230769230769
39083	0.05
39085	0.0701754385965
39087	0.0434782608696
39089	0.0185185185185
39091	0.0769230769231
39093	0.0531914893617
39095	0.164383561644
39097	0.176470588235
39099	0.171052631579
39101	0.0384615384615
39103	0.0454545454545
39105	0.0
39107	0.047619047619
39109	0.0
39111	0.125
39113	0.16049382716
39115	0.0
39117	0.25
39119	0.0666666666667
39121	0.0
39123	0.2
39125	0.0
39127	0.0588235294118
39129	0.15
39131	0.0
39133	0.0961538461538
39135	0.0
39137	0.0416666666667
39139	0.163265306122
39141	0.037037037037
39143	0.0454545454545
39145	0.0
39147	0.230769230769
39149	0.0454545454545
39151	0.116071428571
39153	0.123376623377
39155	0.0714285714286
39157	0.0
39159	0.0
39161	0.25
39163	0.0
39165	0.0869565217391
39167	0.0434782608696
39169	0.136363636364
39171	0.0555555555556
39173	0.212765957447
39175	0.0
40001	0.0555555555556
40003	0.0
40005	0.0833333333333
40007	0.0
40009	0.0
40011	0.0
40013	0.0434782608696
40015	0.0
40017	0.0232558139535
40019	0.0344827586207
40021	0.0
40023	0.214285714286
40025	0.142857142857
40027	0.0
40029	0.0
40031	0.0727272727273
40033	0.0
40035	0.133333333333
40037	0.102564102564
40039	0.0
40041	0.0
40043	0.0
40045	0.0
40047	0.0606060606061
40049	0.0
40051	0.0606060606061
40053	0.25
40055	0.166666666667
40057	0.0
40059	0.0
40061	0.0
40063	0.0769230769231
40065	0.0
40067	0.0
40069	0.0
40071	0.08
40073	0.0
40075	0.0
40077	0.0
40079	0.025641025641
40081	0.0
40083	0.0
40085	0.0
40087	0.0454545454545
40089	0.0645161290323
40091	0.0
40093	0.0
40095	0.0
40097	0.0416666666667
40099	0.0
40101	0.0526315789474
40103	0.0
40105	0.0
40107	0.0714285714286
40109	0.0471698113208
40111	0.0434782608696
40113	0.0333333333333
40115	0.0
40117	0.0
40119	0.0
40121	0.030303030303
40123	0.0416666666667
40125	0.0
40127	0.0
40129	0.0
40131	0.138888888889
40133	0.0416666666667
40135	0.0
40137	0.0
40139	0.0
40141	0.0
40143	0.16
40145	0.05
40147	0.1
40149	0.181818181818
40151	0.0
40153	0.0769230769231
41001	0.0833333333333
41003	0.0714285714286
41005	0.100840336134
41007	0.0666666666667
41009	0.047619047619
41011	0.0769230769231
41013	0.0
41015	0.0
41017	0.0909090909091
41019	0.0612244897959
41021	0.25
41023	0.125
41025	0.0
41027	0.2
41029	0.0983606557377
41031	0.0
41033	0.0434782608696
41035	0.0666666666667
41037	0.0
41039	0.129310344828
41041	0.0
41043	0.0612244897959
41045	0.0
41047	0.0884955752212
41049	0.0
41051	0.066265060241
41053	0.0434782608696
41055	0.0
41057	0.0
41059	0.0285714285714
41061	0.0
41063	0.125
41065	0.0
41067	0.016
41069	0.0
41071	0.0588235294118
42001	0.0769230769231
42003	0.122033898305
42005	0.136363636364
42007	0.0925925925926
42009	0.210526315789
42011	0.134615384615
42013	0.121212121212
42015	0.461538461538
42017	0.0592592592593
42019	0.0888888888889
42021	0.0263157894737
42023	0.0
42025	0.0
42027	0.0294117647059
42029	0.037037037037
42031	0.142857142857
42033	0.37037037037
42035	0.166666666667
42037	0.0
42039	0.214285714286
42041	0.051724137931
42043	0.150684931507
42045	0.0747663551402
42047	0.0
42049	0.1375
42051	0.0869565217391
42053	0.0
42055	0.0769230769231
42057	0.0
42059	0.0714285714286
42061	0.157894736842
42063	0.12
42065	0.0
42067	0.0833333333333
42069	0.137254901961
42071	0.0854700854701
42073	0.321428571429
42075	0.147058823529
42077	0.025974025974
42079	0.121212121212
42081	0.166666666667
42083	0.0
42085	0.0731707317073
42087	0.714285714286
42089	0.263157894737
42091	0.0384615384615
42093	0.4
42095	0.0
42097	0.2
42099	0.0
42101	0.195718654434
42103	0.0
42105	0.0
42107	0.0555555555556
42109	0.363636363636
42111	0.15625
42113	0.666666666667
42115	0.0
42117	0.125
42119	0.25
42121	0.238095238095
42123	0.384615384615
42125	0.0363636363636
42127	0.166666666667
42129	0.148936170213
42131	0.111111111111
42133	0.119266055046
44001	0.0
44003	0.0222222222222
44005	0.208333333333
44007	0.0893854748603
44009	0.105263157895
45001	0.0
45003	0.05
45005	0.0
45007	0.0212765957447
45009	0.285714285714
45011	0.0
45013	0.133333333333
45015	0.0
45017	0.0
45019	0.0394736842105
45021	0.0
45023	0.0833333333333
45025	0.0
45027	0.0769230769231
45029	0.363636363636
45031	0.0
45033	0.230769230769
45035	0.04
45037	0.0
45039	0.0
45041	0.15
45043	0.0
45045	0.0114942528736
45047	0.1
45049	0.0
45051	0.063829787234
45053	0.2
45055	0.0
45057	0.0
45059	0.222222222222
45061	0.285714285714
45063	0.0483870967742
45065	0.0
45067	0.0909090909091
45069	0.222222222222
45071	0.0
45073	0.0
45075	0.103448275862
45077	0.0
45079	0.0344827586207
45081	0.166666666667
45083	0.04
45085	0.0
45087	0.125
45089	0.166666666667
45091	0.0181818181818
46003	0.0
46005	0.307692307692
46007	0.0
46009	0.0
46011	0.0588235294118
46013	0.0952380952381
46015	0.1
46019	0.0
46021	0.25
46023	0.0714285714286
46025	0.0
46027	0.0
46029	0.0555555555556
46031	0.0
46033	0.125
46035	0.0
46037	0.333333333333
46039	0.0
46041	0.0
46043	0.0
46045	0.0
46047	0.0
46049	0.0
46051	0.0
46053	0.0
46055	0.166666666667
46057	0.0
46059	0.0
46061	0.0833333333333
46063	0.0
46065	0.0
46067	0.0
46069	0.0
46071	0.0
46073	0.2
46075	0.0
46077	0.0
46079	0.0714285714286
46081	0.0
46083	0.0
46085	0.0
46087	0.153846153846
46089	0.0
46091	0.0
46093	0.125
46095	0.166666666667
46097	0.0
46099	0.0338983050847
46101	0.0
46103	0.0
46105	0.142857142857
46107	0.0
46109	0.0714285714286
46111	0.0
46113	0.333333333333
46115	0.0
46117	0.0
46119	0.0
46121	0.25
46123	0.333333333333
46125	0.210526315789
46127	0.0
46129	0.0
46135	0.0909090909091
46137	0.25
47001	0.0
47003	0.0
47005	0.0
47007	0.0
47009	0.0344827586207
47011	0.0416666666667
47013	0.0
47015	0.0
47017	0.0
47019	0.136363636364
47021	0.0
47023	0.0
47025	0.0
47027	0.2
47029	0.0
47031	0.0
47033	0.0
47035	0.0
47037	0.0451127819549
47039	0.0
47041	0.0
47043	0.0
47045	0.0
47047	0.2
47049	0.0
47051	0.0
47053	0.1
47055	0.0
47057	0.0
47059	0.0
47061	0.0
47063	0.0
47065	0.027397260274
47067	0.0
47069	0.0
47071	0.5
47073	0.0
47075	0.2
47077	0.0
47079	0.0
47081	0.0
47083	0.0
47085	0.0
47087	0.0
47089	0.0
47091	0.0
47093	0.0
47095	0.0
47097	0.0
47099	0.0
47101	0.0
47103	0.0
47105	0.0
47107	0.0625
47109	0.0
47111	0.0
47113	0.185185185185
47115	0.0
47117	0.0
47119	0.0
47121	0.0
47123	0.0
47125	0.0
47127	0.0
47129	0.0
47131	0.0
47133	0.0
47135	0.0
47137	0.0
47139	0.0
47141	0.1
47143	0.142857142857
47145	0.117647058824
47147	0.0
47149	0.0545454545455
47151	0.0
47153	0.0
47155	0.0
47157	0.0327868852459
47159	0.1
47161	0.0
47163	0.177777777778
47165	0.0
47167	0.0
47169	0.0
47171	0.0
47173	0.0
47175	0.0
47177	0.0
47179	0.0
47181	0.0
47183	0.0
47185	0.0
47187	0.0222222222222
47189	0.0
48001	0.0434782608696
48003	0.0
48005	0.0294117647059
48007	0.0
48009	0.0
48011	0.0
48013	0.0526315789474
48015	0.0
48017	0.0
48019	0.166666666667
48021	0.0952380952381
48023	0.0
48025	0.0
48027	0.047619047619
48029	0.0199501246883
48031	0.0
48033	0.0
48035	0.0
48037	0.0
48039	0.037037037037
48041	0.0540540540541
48043	0.142857142857
48045	0.0
48047	0.166666666667
48049	0.2
48051	0.2
48053	0.0833333333333
48055	0.142857142857
48057	0.142857142857
48059	0.0
48061	0.0
48063	0.0
48065	0.0
48067	0.05
48069	0.0
48071	0.230769230769
48073	0.0
48075	0.0
48077	0.222222222222
48079	0.4
48081	0.0
48083	0.25
48085	0.00966183574879
48087	0.25
48089	0.0
48091	0.0882352941176
48093	0.1
48095	0.333333333333
48097	0.0526315789474
48099	0.0
48101	0.0
48103	0.0
48105	0.0
48107	0.125
48109	0.333333333333
48111	0.0
48113	0.0542763157895
48115	0.0
48117	0.0
48119	0.0
48121	0.0231213872832
48123	0.0
48125	0.0
48127	0.0
48129	0.0
48131	0.1
48133	0.0
48135	0.0
48137	0.333333333333
48139	0.0847457627119
48141	0.00884955752212
48143	0.0666666666667
48145	0.0
48147	0.0
48149	0.0
48151	0.0
48153	0.0
48155	0.5
48157	0.00757575757576
48159	0.0
48161	0.0
48163	0.0
48165	0.222222222222
48167	0.108108108108
48169	0.0
48171	0.0
48173	0.0
48175	0.25
48177	0.0
48179	0.0
48181	0.0377358490566
48183	0.263157894737
48185	0.0
48187	0.0
48189	0.25
48191	0.0
48193	0.142857142857
48195	0.0
48197	0.0
48199	0.05
48201	0.0482456140351
48203	0.0344827586207
48205	0.0
48207	0.0
48209	0.0
48211	0.0
48213	0.0333333333333
48215	0.0387596899225
48217	0.0
48219	0.133333333333
48221	0.0
48223	0.0625
48225	0.0714285714286
48227	0.0769230769231
48229	0.0
48231	0.025
48233	0.0
48235	0.0
48237	0.0
48239	0.0
48241	0.0666666666667
48243	0.333333333333
48245	0.205882352941
48247	0.0
48249	0.05
48251	0.0188679245283
48253	0.0714285714286
48255	0.0
48257	0.0
48259	0.0
48261	0.0
48263	0.0
48265	0.0625
48267	0.0
48269	0.0
48271	0.0
48273	0.0769230769231
48275	0.0
48277	0.0909090909091
48279	0.0
48281	0.0
48283	0.0
48285	0.0
48287	0.0
48289	0.0
48291	0.0
48293	0.0
48295	0.0
48297	0.142857142857
48299	0.0
48303	0.14606741573
48305	0.125
48307	0.166666666667
48309	0.131313131313
48311	0.0
48313	0.166666666667
48315	0.0
48317	0.0
48319	0.0
48321	0.1
48323	0.0454545454545
48325	0.0
48327	0.0
48329	0.0769230769231
48331	0.0
48333	0.142857142857
48335	0.0
48337	0.0666666666667
48339	0.010101010101
48341	0.0
48343	0.125
48345	0.0
48347	0.0
48349	0.0
48351	0.111111111111
48353	0.0
48355	0.0686274509804
48357	0.0
48359	0.0
48361	0.0769230769231
48363	0.0
48365	0.0
48367	0.0512820512821
48369	0.0
48371	0.0
48373	0.0
48375	0.0
48377	0.2
48379	0.0
48381	0.0
48383	0.0
48385	0.0
48387	0.0
48389	0.0
48391	0.0
48393	0.0
48395	0.0
48397	0.0
48399	0.0
48401	0.0
48403	0.0
48405	0.2
48407	0.0
48409	0.03125
48411	0.0
48413	0.0
48415	0.166666666667
48417	0.0
48419	0.0
48421	0.0
48423	0.0
48425	0.0
48427	0.0416666666667
48429	0.0
48431	0.0
48433	0.0
48435	0.0
48437	0.0
48439	0.0134228187919
48441	0.0789473684211
48443	0.666666666667
48445	0.0
48447	0.333333333333
48449	0.0
48451	0.0
48453	0.0285714285714
48455	0.1
48457	0.0666666666667
48459	0.0
48461	0.2
48463	0.153846153846
48465	0.0714285714286
48467	0.0
48469	0.0689655172414
48471	0.0
48473	0.0
48475	0.0
48477	0.0
48479	0.0138888888889
48481	0.0
48483	0.0
48485	0.113636363636
48487	0.125
48489	0.0
48491	0.018691588785
48493	0.25
48495	0.0
48497	0.037037037037
48499	0.0
48501	0.0
48503	0.0
48505	0.0
48507	0.125
49001	0.0
49003	0.0416666666667
49005	0.0
49007	0.0
49009	0.0
49011	0.0
49013	0.0
49015	0.0
49017	0.0
49019	0.2
49021	0.0
49023	0.0
49025	0.0
49027	0.0
49029	0.0
49031	0.0
49033	0.0
49035	0.0201612903226
49037	0.0833333333333
49039	0.0
49041	0.0
49043	0.0
49045	0.107142857143
49047	0.0
49049	0.00699300699301
49051	0.0
49053	0.0
49055	0.0
49057	0.0588235294118
50001	0.0
50003	0.0625
50005	0.0
50007	0.0
50009	0.142857142857
50011	0.0
50013	0.0
50015	0.0
50017	0.0
50019	0.047619047619
50021	0.0
50023	0.0
50025	0.1
50027	0.0571428571429
51001	0.0
51003	0.0
51005	0.25
51007	0.0
51009	0.0
51011	0.0
51013	0.0
51015	0.0
51017	0.0
51019	0.0
51021	1.0
51023	0.0
51025	0.0
51027	0.111111111111
51029	0.666666666667
51031	0.142857142857
51033	0.166666666667
51035	0.1
51036	0.0
51037	0.25
51041	0.0322580645161
51043	0.0
51045	0.0
51047	0.0
51049	0.0
51051	0.25
51053	0.125
51057	0.0
51059	0.00531914893617
51061	0.0
51063	0.0
51065	0.333333333333
51067	0.0
51069	0.0
51071	0.0
51073	0.111111111111
51075	0.0
51077	0.333333333333
51079	0.0
51081	0.0
51083	0.0
51085	0.0
51087	0.0
51089	0.125
51091	0.0
51093	0.0
51095	0.0
51097	0.0
51099	0.0
51101	0.0
51103	0.0
51105	0.230769230769
51107	0.027027027027
51109	0.0
51111	0.0
51113	0.0
51115	0.0
51117	0.111111111111
51119	0.0
51121	0.0952380952381
51125	0.0
51127	0.0
51131	0.0
51133	0.0
51135	0.0
51137	0.0
51139	0.111111111111
51141	0.0
51143	0.0
51145	0.0
51147	0.0
51149	0.0
51153	0.0
51155	0.0
51157	0.0
51159	0.0
51161	0.0384615384615
51163	0.333333333333
51165	0.0
51167	0.0714285714286
51169	0.0
51171	0.0
51173	0.0769230769231
51175	0.0
51177	0.0
51179	0.0
51181	0.0
51183	0.75
51185	0.0
51187	0.0
51191	0.0
51193	0.0
51195	0.2
51197	0.0
51199	0.0
51510	0.263157894737
51515	0.0
51520	0.0
51530	0.0
51540	0.0
51550	0.0
51570	0.0
51580	0.0
51590	0.333333333333
51595	0.0
51600	0.0
51610	0.0
51620	0.0
51630	0.0
51640	0.0
51650	0.142857142857
51660	0.0
51670	0.0
51678	0.0
51680	0.0
51683	0.0
51685	0.0
51690	0.0
51700	0.0681818181818
51710	0.0961538461538
51720	0.0
51730	0.0
51735	0.0
51740	0.0952380952381
51750	0.0
51760	0.0454545454545
51770	0.037037037037
51775	0.0
51790	0.2
51800	0.0952380952381
51810	0.0123456790123
51820	0.142857142857
51830	0.5
51840	0.0
53001	0.0
53003	0.0
53005	0.0
53007	0.0
53009	0.0526315789474
53011	0.0550458715596
53013	0.0
53015	0.0
53017	0.0
53019	0.0
53021	0.0
53023	0.0
53025	0.0227272727273
53027	0.0
53029	0.0
53031	0.0
53033	0.0126903553299
53035	0.0166666666667
53037	0.0
53039	0.0
53041	0.0
53043	0.0
53045	0.0
53047	0.0
53049	0.0
53051	0.142857142857
53053	0.0352422907489
53055	0.0833333333333
53057	0.0
53059	0.0
53061	0.0421686746988
53063	0.0396825396825
53065	0.037037037037
53067	0.0
53069	0.0
53071	0.0434782608696
53073	0.125
53075	0.0
53077	0.0229885057471
54001	0.0
54003	0.0
54005	0.0
54007	0.0
54009	0.0
54011	0.0740740740741
54013	0.0
54015	0.0
54017	0.0
54019	0.15
54021	0.0
54023	0.0
54025	0.0
54027	0.0
54029	0.0
54031	0.0
54033	0.0
54035	0.0
54037	0.0
54039	0.044776119403
54041	0.0
54043	0.181818181818
54045	0.0
54047	0.181818181818
54049	0.0
54051	0.0
54053	0.0
54055	0.0
54057	0.0833333333333
54059	0.461538461538
54061	0.2
54063	0.0
54065	0.0
54067	0.133333333333
54069	0.0
54071	0.0
54073	0.0
54075	0.0
54077	0.0
54079	0.0
54081	0.0
54083	0.0
54085	0.0
54087	0.0
54089	0.0
54091	0.0
54093	0.0
54095	0.0
54097	0.0
54099	0.1
54101	0.0
54103	0.0
54105	0.0
54107	0.0
54109	0.0
55001	0.0
55003	0.230769230769
55005	0.181818181818
55007	0.0
55009	0.0133333333333
55011	0.0
55013	0.0
55015	0.0
55017	0.0
55019	0.047619047619
55021	0.157894736842
55023	0.0909090909091
55025	0.021897810219
55027	0.030303030303
55029	0.0
55031	0.0
55033	0.0625
55035	0.0
55037	0.0
55039	0.0571428571429
55041	0.0
55043	0.0
55045	0.0952380952381
55047	0.0909090909091
55049	0.0
55051	0.4
55053	0.0909090909091
55055	0.0
55057	0.0
55059	0.11320754717
55061	0.1
55063	0.05
55065	0.0
55067	0.0
55069	0.1
55071	0.0
55073	0.104166666667
55075	0.0
55077	0.111111111111
55078	0.0
55079	0.189368770764
55081	0.0
55083	0.0555555555556
55085	0.0769230769231
55087	0.0645161290323
55089	0.0
55091	0.0
55093	0.0
55095	0.0
55097	0.04
55099	0.0
55101	0.0363636363636
55103	0.0
55105	0.10447761194
55107	0.230769230769
55109	0.0
55111	0.03125
55113	0.166666666667
55115	0.0555555555556
55117	0.0851063829787
55119	0.0
55121	0.0909090909091
55123	0.0
55125	0.0
55127	0.025641025641
55129	0.0909090909091
55131	0.0285714285714
55133	0.0673076923077
55135	0.04
55137	0.0833333333333
55139	0.0377358490566
55141	0.0333333333333
56001	0.125
56003	0.0
56005	0.05
56007	0.214285714286
56009	0.0
56011	0.2
56013	0.206896551724
56015	0.0
56017	0.0
56019	0.375
56021	0.025
56023	0.25
56025	0.0
56027	0.0
56029	0.0
56031	0.0
56033	0.0
56035	0.0
56037	0.04
56039	0.0
56041	0.214285714286
56043	0.0
56045	0.0
72001	0.111111111111
72003	0.05
72005	0.130434782609
72007	0.214285714286
72009	0.153846153846
72011	0.0
72013	0.147058823529
72015	0.0
72017	0.0
72019	0.0666666666667
72021	0.0806451612903
72023	0.0
72025	0.0416666666667
72027	0.0769230769231
72029	0.2
72031	0.0666666666667
72033	0.0
72035	0.0952380952381
72037	0.2
72039	0.230769230769
72041	0.375
72043	0.0
72045	0.142857142857
72047	0.0714285714286
72049	0.5
72051	0.0833333333333
72053	0.285714285714
72054	0.166666666667
72055	0.0909090909091
72057	0.227272727273
72059	0.181818181818
72061	0.181818181818
72063	0.166666666667
72065	0.0666666666667
72067	0.0
72069	0.178571428571
72071	0.0
72073	0.0
72075	0.047619047619
72077	0.133333333333
72079	0.0833333333333
72081	0.15
72083	0.125
72085	0.214285714286
72087	0.0
72089	0.2
72091	0.0
72093	0.0
72095	0.142857142857
72097	0.0606060606061
72099	0.0
72101	0.0625
72103	0.166666666667
72105	0.0
72107	0.0
72109	0.357142857143
72111	0.133333333333
72113	0.140845070423
72115	0.0
72117	0.125
72119	0.107142857143
72121	0.0
72123	0.0952380952381
72125	0.0
72127	0.0569105691057
72129	0.277777777778
72131	0.0869565217391
72133	0.166666666667
72135	0.117647058824
72137	0.0
72139	0.0
72141	0.222222222222
72143	0.0833333333333
72145	0.130434782609
72147	0.125
72149	0.0
72151	0.136363636364
72153	0.2
78010	0.0
78020	0.333333333333
78030	0.0769230769231
